filename,summary
DEA-2024-0059-9259_attachment_12.jpg,"# Summary of Document

This appears to be a list of claimed health benefits or effects associated with an unspecified substance or treatment. The document presents various purported physiological and therapeutic effects, including sleep aid, antibacterial properties, anti-cancer effects, neurological benefits, anti-inflammatory properties, and relief from various symptoms like pain, anxiety, and nausea. Without additional context, this appears to be a summary of potential medicinal claims, possibly related to a pharmaceutical, supplement, or alternative medicine product."
DEA-2024-0059-9986_attachment_1.jpg,"# Summary of Health Effects of Marijuana Use

This document outlines the various effects of marijuana (THC) on the human body. It presents a balanced view of both potential benefits and risks associated with marijuana use. Key effects include:

**Potential Benefits:**
- Pain and inflammation relief
- Glaucoma symptom relief (short-term)
- Reduced nausea for chemotherapy patients
- Appetite stimulation (beneficial for cancer/AIDS patients)
- Possible anti-tumor properties (research ongoing)

**Potential Risks:**
- Memory formation problems
- Impaired judgment and slowed reaction time
- Respiratory issues (lung irritation, bronchitis, phlegmy cough)
- Cardiovascular effects (accelerated heartbeat)
- Developmental problems for babies exposed during pregnancy
- Weakened immune system
- Possible addiction and withdrawal symptoms
- Varied effects on anxiety and depression (differs by individual)

The document appears to be an educational resource presenting scientific information about marijuana's physiological and psychological effects."
DEA-2024-0059-4299_attachment_1.jpg,"# Summary of Regulatory Document

The document discusses the US federal government's plan to reclassify cannabis/marijuana from Schedule 1 to Schedule 3 on the Controlled Substances list. The author expresses their opinion that this rescheduling represents minimal progress toward federal legalization and may be politically motivated ahead of elections. They argue the change would have limited practical impact for most individuals since cannabis would remain a controlled substance, and many physicians would likely remain reluctant to prescribe it due to concerns related to the opioid crisis. The document mentions that a 60-day public comment period is currently open for the DEA and DOJ to gather opinions on this proposed rescheduling."
DEA-2024-0059-7646_attachment_12.jpg,"# Summary of Document

This document describes the appointment of Harry J. Anslinger as Commissioner of the Federal Bureau of Narcotics in 1930 and his significant role in marijuana prohibition in the United States. As the ""architect of national prohibition,"" Anslinger promoted anti-marijuana policies based on claims that the drug caused insanity and led to criminal behavior. His efforts culminated in the Marihuana Tax Act of 1937, which effectively restricted marijuana use through registration and reporting requirements. The Act was passed in response to public concerns about marijuana's alleged harmful effects, supposed connection to violent crime, and perceived inadequacy of state and local control measures."
DEA-2024-0059-36322_attachment_2.jpg,"# Summary of Document

This document appears to be discussing the historical origins of cannabis (hemp) cultivation. The main point is that cannabis evolved in Northern China and is considered one of the earliest cultivated fiber plants in human history. Archaeological evidence from a Neolithic site at Yuan-Shan in Taiwan, dating back to around 8000 BCE, includes pottery with hemp cord markings and stone tools used to process hemp. The document indicates that hemp was one of humanity's first agricultural fiber crops and was used for various practical applications including fishing equipment."
DEA-2024-0059-30649_attachment_1.jpg,"The provided text appears to be a fragment of a social media or digital platform interface showing ""@OBERFELDERHOLDINGS"" with sharing options. This doesn't contain enough substantive policy or regulatory content to summarize. The text seems to be interface elements (share profile, copy link) related to an account or entity called Oberfelder Holdings rather than actual policy document content."
DEA-2024-0059-24403_attachment_8.jpg,"I apologize, but the text you've provided appears to be severely garbled or inverted OCR text that I cannot reliably interpret. The characters don't form coherent words or sentences that would allow me to summarize a regulatory or policy document. If you have a clearer version of the document or can provide the text in a more readable format, I'd be happy to help summarize it."
DEA-2024-0059-8298_attachment_4.jpg,"# Summary of Document

The text discusses the role of The Joint Commission in the opioid crisis, claiming that their 2000 policy designating pain as ""the fifth vital sign"" and requiring treatment for pain contributed significantly to the opioid epidemic. The author argues that pharmaceutical companies developed more pain medications in response to this government mandate, only to later face lawsuits and fines. The document concludes by noting that current patients with legitimate pain needs or conditions like ADHD are now suffering due to resulting restrictions on controlled medications."
DEA-2024-0059-9986_attachment_2.jpg,"# Summary of Advertising Model Rules for Marijuana Dispensaries

This document contrasts two advertising scenarios for marijuana dispensaries:

1. **Unregulated scenario**: A dispensary places inappropriate advertising near a public park, featuring cartoon characters, encouraging heavy consumption, and offering discounts to new users.

2. **Regulated scenario**: State regulations restrict both content and placement of marijuana advertising, requiring dispensaries to use understated advertisements with basic business information only, and prohibiting placement near areas frequented by children.

The document appears to be illustrating proper versus improper advertising practices under regulatory frameworks for cannabis businesses."
DEA-2024-0059-11458_attachment_1.jpg,"# Summary

This appears to be a birthday card or note to someone named Christoph from the ""Biannca"" team. The message expresses birthday wishes and appreciation for Christoph's contributions to advancing work related to Parkinson's disease research. The team acknowledges that Christoph has been instrumental in helping their cause and expresses gratitude for having him as part of their community or organization."
DEA-2024-0059-28424_attachment_1.jpg,"# Summary of Policy Document

The document appears to be a critique of the proposed rescheduling of cannabis rather than full legalization. The author, who identifies as a medical marijuana patient, argues that:

1. The current rescheduling approach is inadequate and may harm patients who lose access abruptly
2. The existing medical marijuana system requires special prescriptions and dispensaries
3. Virginia's partial legalization creates confusing workarounds (like ""gifting"" cannabis with purchases)
4. The author advocates for complete federal legalization of cannabis rather than merely rescheduling it

The document represents a personal perspective on cannabis policy reform."
DEA-2024-0059-30649_attachment_3.jpg,"# Summary of Drug Harm Assessment Document

This document appears to be a chart or graph showing a comprehensive drug harm assessment framework. It displays an ""Overall harm score"" scale (ranging from 0-80) that evaluates various drugs based on 16 different harm criteria. Each criterion is weighted using a ""CW"" (likely ""criterion weight"") value in parentheses.

The harm assessment categories are divided into different types of harms, including:
- Mortality (drug-specific and drug-related)
- Physical damage (drug-specific and drug-related)
- Dependence potential
- Mental functioning impairment (both direct and indirect)
- Social harms (loss of tangibles, relationships)
- Broader societal impacts (injury, crime, environmental damage, family adversities)
- Economic and international consequences

This appears to be part of a policy framework for evaluating and comparing the relative harms of different substances for regulatory or public health purposes."
DEA-2024-0059-12790_attachment_1.jpg,"# Summary of Document

This appears to be a product label or specification sheet for a topical cannabis-infused balm or cream product called ""Solomon's Balm"" or similar. The document contains:

- Product information showing THC and CBD content (approximately 45.89mg THC, 132.64mg CBD)
- Testing information from a laboratory with dates from March 2022
- Usage instructions indicating the product should be applied directly to problem areas of the body multiple times daily
- Warnings not to apply to broken skin or open wounds
- Ingredients list that mentions it contains natural plant-infused components
- The product appears to be designed for transdermal relief

The document is primarily a regulatory compliance label providing cannabinoid content information and usage guidelines for a topical cannabis product."
DEA-2024-0059-7306_attachment_5.jpg,"I apologize, but the provided text ""m4"" is too brief and unclear to summarize as a regulatory or policy document. It appears to be either an incomplete OCR result, a file name, or a code that lacks sufficient context. To provide a meaningful summary of a policy document, I would need more substantial text that includes information about the policy's purpose, scope, requirements, and implementation details."
DEA-2024-0059-35164_attachment_10.jpg,"The provided OCR text contains only the single word ""BUSINESS"" without any additional context or content. There is insufficient information to provide a meaningful summary of any regulatory or policy document. The text appears to be either a header, title, or fragment without the actual document content."
DEA-2024-0059-7646_attachment_11.jpg,"# Summary

This text describes how O'Shaughnessy established his medical reputation through successfully using cannabis to treat various conditions, including rheumatism pain and infant convulsions. He later promoted cannabis use in England, with his most notable achievement being the use of cannabis resin to treat severe muscle spasms associated with tetanus and rabies. This appears to be a historical account of early medical cannabis use rather than a regulatory or policy document."
DEA-2024-0059-35164_attachment_11.jpg,"# Summary

This appears to be an advertisement for a medicinal product called ""Fluidextract Cannabis Indica,"" which is being marketed as ""The Great Eastern Remedy."" The text claims this medicine is the ""cheapest, best and most agreeable medicine in the world"" and suggests it has ancient origins, having been used for thousands of years by various historical civilizations including Hindus, Persians, Jews, Greeks, Chinese, Japanese, Arabians, Egyptians, Chaldeans, and Assyrians. The advertisement appears to include a partial quote from Rev. John Wesley to lend credibility to these historical claims."
DEA-2024-0059-7306_attachment_4.jpg,"# Summary

This document appears to be an email from Caity Lemacks at the Tennessee Bureau of Investigation (TBI) regarding a case referral. The main point is that Caity has provided her office's reference number (5651505) but notes that she has transferred all case information to a special agent in the Nashville drug investigation division, who may be tracking the case under a different reference number."
DEA-2024-0059-30649_attachment_2.jpg,Summary generation failed.
DEA-2024-0059-9259_attachment_10.jpg,"The OCR text provided is extremely limited and garbled, containing only a few fragmented words that don't form a coherent regulatory or policy document. There isn't enough clear information to determine the main point or purpose of any document. The text appears to be severely corrupted OCR output that cannot be meaningfully summarized."
DEA-2024-0059-33951_attachment_1.jpg,"# Summary: Drugged Driving Model Rules Comparison

This document contrasts two approaches to handling marijuana-impaired driving:

1. **""Wild West"" Approach**: Describes a scenario where officers lack proper training and legal framework to address drugged driving. Without THC limits or open container laws, drivers with marijuana face minimal consequences even when visibly using while driving.

2. **Model Rules Approach**: Presents an alternative system with trained Drug Recognition Experts, established THC limits, and testing protocols that allow for appropriate enforcement. This approach enables prosecution of impaired drivers while protecting medical marijuana users who are not actually impaired.

The document advocates for structured regulations over the ""Wild West"" approach to effectively address marijuana-impaired driving while maintaining fairness."
DEA-2024-0059-9259_attachment_14.jpg,"I apologize, but the text you've provided appears to be severely corrupted OCR content that is largely unreadable. From the few discernible fragments, it seems to possibly relate to:

- Something about cannabis legalization
- References to medical conditions and marijuana use
- Possibly a county board or health services board discussion
- What might be a referendum in 2020

However, I cannot provide a reliable summary of the document's main points due to the extensive text corruption. A proper OCR scan or clearer version of the document would be needed to provide an accurate summary."
DEA-2024-0059-27391_attachment_1.jpg,"# Summary of Human Endocannabinoid System Document

This document outlines the key components of the Human Endocannabinoid System, specifically the two main cannabinoid receptors (CB1 and CB2) and their target areas in the body. CB1 receptors primarily affect thinking, motor coordination, appetite, short-term memory, pain perception, and immune cells. CB2 receptors have a broader distribution, targeting multiple body systems including the gut, kidneys, pancreas, adipose tissue, skeletal muscle, bone, eye, tumors, reproductive system, immune system, central nervous system, cardiovascular system, and liver."
DEA-2024-0059-35357_attachment_1.jpg,"This text appears to be a critical statement about cannabis legalization rather than an actual regulatory or policy document. The statement suggests that cannabis legalization could negatively impact pharmaceutical corporations' profits and disrupt industries that benefit from cannabis prohibition. However, I should note that this appears to be an opinion statement with satirical elements rather than text from an official policy document."
DEA-2024-0059-34244_attachment_2.jpg,"The text appears to be a fragmented pharmaceutical or medical label that references ""Cannabis Indica,"" which is a classification of the cannabis plant. The text likely relates to a fluid extract (fluidextract) preparation of Cannabis Indica, which historically was used in medical formulations. However, the OCR text is too incomplete and distorted to determine the specific regulatory or policy context with certainty."
DEA-2024-0059-28424_attachment_4.jpg,Summary generation failed.
DEA-2024-0059-7646_attachment_15.jpg,"# Summary of Regulatory Document on Chemical Hazards

This document provides health and safety information about two chemical substances:

1. **Acrylonitrile**: A colorless liquid used in acrylic fibers, resins, and rubber production. Exposure can occur through product use or tobacco smoking, causing symptoms like headaches, nausea, dizziness, fatigue, and chest pains. The European Union has classified it as a carcinogen.

2. **Perchlorate (PERC)**: Used in rocket fuel, explosives, fertilizers, and bleach production. Commonly found in water supplies and food sources. It can disrupt thyroid hormone production and is classified by the EPA as a likely human carcinogen. The document recommends reverse osmosis water treatment systems for affected patients."
DEA-2024-0059-7646_attachment_14.jpg,Summary generation failed.
DEA-2024-0059-30964_attachment_1.jpg,"# Summary of Document

The document discusses the historical use of cannabis in the Arabic world during Roman times, highlighting its medicinal applications for various ailments and its use as an analgesic and anesthetic. It mentions prominent 9th-century physicians including Rhazés, who prescribed cannabis widely, and Ibn Wahshiyah, who warned of hashish's potentially lethal effects. The text then shifts to describe the 751 AD Battle of Talas between Muslim forces and China's Tang Dynasty, which ended Chinese westward expansion and established Muslim control over the Silk Road for 400 years. The document suggests this battle was a significant event in cannabis history, though the explanation of this connection appears to be cut off in the provided text."
DEA-2024-0059-11064_attachment_1.jpg,Summary generation failed.
DEA-2024-0059-6514_attachment_8.jpg,"The provided OCR text appears to be extremely limited and corrupted, containing only the text ""NECTARBALECOM = ye"". This fragment is insufficient to identify or summarize any regulatory or policy document. The text doesn't contain any recognizable policy content, regulatory language, or document structure that would allow me to provide a meaningful summary of its purpose or main points."
DEA-2024-0059-7306_attachment_1.jpg,Summary generation failed.
DEA-2024-0059-36187_attachment_1.jpg,"# Summary: Cannabis Reclassification Policy Document

This document advocates for the reclassification of cannabis to Schedule 3 and its removal from the Controlled Substances Act (CSA), citing statistical evidence of benefits in three key areas:

1. **Public Health Impact**: Research shows states with legalized medical cannabis experienced a 25% reduction in opioid overdose deaths and decreased opioid prescribing rates.

2. **Economic Benefits**: Removing federal restrictions would help small cannabis businesses overcome banking limitations and interstate commerce barriers, potentially creating jobs and stimulating economic growth.

3. **Research Advancement**: Reclassification would facilitate increased medical research opportunities, potentially leading to new treatments and therapies.

The document presents these policy changes as evidence-based solutions that would benefit public health, economic development, and scientific advancement."
DEA-2024-0059-28424_attachment_5.jpg,Summary generation failed.
DEA-2024-0059-10426_attachment_1.jpg,"I apologize, but the provided text appears to be extremely short and consists only of what seems to be random letters and symbols (""hay ee, ef ~, + ey,""). This doesn't appear to be meaningful OCR text from a regulatory or policy document that I can summarize. The text is too limited and unclear to determine any policy content or main points."
DEA-2024-0059-34244_attachment_3.jpg,Summary generation failed.
DEA-2024-0059-8298_attachment_2.jpg,"This appears to be a fragmented, low-quality OCR text that attempts to make a statement about marijuana policy. The text seems to contrast claims about marijuana's safety (suggesting it has not caused overdose deaths) with the consequences of marijuana prohibition (deaths, incarceration, and financial costs). However, the text is too corrupted and incomplete to provide a reliable summary of an actual regulatory or policy document. The content appears more like a political statement than an official document."
DEA-2024-0059-9188_attachment_1.jpg,Summary generation failed.
DEA-2024-0059-9986_attachment_4.jpg,"# Summary of Endocannabinoid System Document

This document describes the endocannabinoid system (ECS) and its relationship to various symptoms and bodily functions. The main point is that many common health conditions may be related to endocannabinoid system deficiency. The document illustrates how the ECS functions throughout the body, including the brain, heart, stomach, intestines, hands, and legs, and explains the process of neurotransmitter release and receptor activation. It lists numerous symptoms potentially associated with ECS dysfunction, including headaches, joint pain, anxiety, back pain, nausea, frequent urination, digestive issues, and muscle cramps, while also noting the system's regulatory roles in inflammation, appetite control, and bone health."
DEA-2024-0059-35873_attachment_18.jpg,Summary generation failed.
DEA-2024-0059-25572_attachment_1.jpg,Summary generation failed.
DEA-2024-0059-28424_attachment_7.jpg,Summary generation failed.
DEA-2024-0059-9681_attachment_1.jpg,Summary generation failed.
DEA-2024-0059-7646_attachment_17.jpg,Summary generation failed.
DEA-2024-0059-28424_attachment_6.jpg,"# Summary of Cannabis in Ancient Indian Culture and Medicine

This document describes the historical and cultural significance of cannabis in ancient India, dating back to approximately 2000 BCE. It explains that cannabis appears in Hindu sacred texts like The Vedas and Atharvaveda, where it is referred to as a ""Sacred Grass"" and described as a source of happiness and liberation. The text outlines how cannabis (particularly in the form of bhang, a mixture of dried cannabis parts) was used both for religious purposes as an offering to Lord Shiva and for medicinal applications, treating conditions including pain, insomnia, and gastrointestinal disorders."
DEA-2024-0059-8298_attachment_1.jpg,"I don't have enough information to provide a meaningful summary of this document. The OCR text is extremely limited, containing only a partial title or heading that appears to be questioning whether ""LCB"" (possibly referring to a Liquor Control Board or similar regulatory body) will ""destroy another family."" Without additional content, I cannot determine the document's main points, purpose, or specific policy implications. More complete text would be needed to provide an accurate summary."
DEA-2024-0059-9986_attachment_5.jpg,Summary generation failed.
DEA-2024-0059-33880_attachment_1.jpg,"I apologize, but the provided text appears to be extremely garbled or corrupted OCR output that doesn't contain recognizable policy content. The text ""Voo a é 2 TV0W ohh asides"" doesn't contain sufficient meaningful information to identify or summarize any regulatory or policy document. Without clearer text, I cannot provide an accurate summary of the document's main points."
DEA-2024-0059-34725_attachment_1.jpg,Summary generation failed.
DEA-2024-0059-0559_attachment_2.jpg,"# Summary of Document

This appears to be a promotional or informational document about cannabis and health claims. The document lists various medical conditions that cannabis is purportedly beneficial for, including cancer, ADHD, depression, menstrual issues, anxiety, nausea, OCD, arthritis, diabetes, HIV/AIDS, chronic pain, and brain damage. The document appears to be presented by an organization or entity called ""GAMABHUANA"" (possibly a misspelling of ""cannabis"" or a cannabis-related organization).

Note: This document makes medical claims about cannabis that would require scientific validation, and such health claims about cannabis are regulated differently across jurisdictions."
DEA-2024-0059-41530_attachment_1.jpg,Summary generation failed.
DEA-2024-0059-22288_attachment_1.jpg,"# Summary of Document

This appears to be a partial outline or table of contents of the United States Constitution. The document lists several articles of the Constitution with brief descriptions:

- Article II: Executive Department (mentions presidency)
- Article III: Judicial Department (mentions the Federal courts)
- Article IV: The States and the Federal Government (covers state governments, territories, and guarantees to states)
- Article V: Method of Amendment
- Article VI: Supremacy of the Constitution and oath of office (notes that no religious test is required)
- Article VII: Ratification of the Constitution

The document seems to be providing a structural overview of the U.S. Constitution's main articles and their core functions."
DEA-2024-0059-14664_attachment_5.jpg,Summary generation failed.
DEA-2024-0059-23018_attachment_6.jpg,"This appears to be a fragment of text that contrasts an unnamed substance being called dangerous with a list of prescription medications (antidepressants, anti-anxiety medications, pain relievers, and other pharmaceuticals). The text seems to be making a critical point about pharmaceutical drugs that are legally prescribed despite having their own risks. However, this is not a regulatory or policy document - it appears to be a snippet from what might be commentary or criticism about pharmaceutical practices."
DEA-2024-0059-7646_attachment_2.jpg,"# Summary

The OCR text appears to be a fragment from a news article or report about cannabis regulation. The main point captured in this fragment is that New Jersey's Cannabis Regulatory Commission's executive director announced that the state has exceeded $2 billion in legal marijuana sales since 2018. Additionally, the executive director urged New Jersey lawmakers to consider legalizing home cultivation of cannabis. The text also mentions that Maryland House committees held hearings on related bills, though the specific content of these bills is cut off in the provided text."
DEA-2024-0059-4964_attachment_1.jpg,Summary generation failed.
DEA-2024-0059-38986_attachment_1.jpg,Summary generation failed.
DEA-2024-0059-26812_attachment_2.jpg,Summary generation failed.
DEA-2024-0059-23018_attachment_7.jpg,Summary generation failed.
DEA-2024-0059-28572_attachment_1.jpg,Summary generation failed.
DEA-2024-0059-21502_attachment_1.jpg,Summary generation failed.
DEA-2024-0059-0239_attachment_18.jpg,"# Summary of Document on Terpenes and Their Clinical Effects

This document appears to be a scientific or medical text discussing terpenes (aromatic compounds found in plants) and their therapeutic applications. The document outlines how these scent molecules affect the brain, potentially reducing stress, improving mood, and providing anti-inflammatory and neuroprotective effects.

The main content is a table listing specific terpenes (Eucalyptol, Limonene, Linalool, Pinene, and β-Caryophyllene) and their clinically proven effects for various medical conditions based on clinical trials. These conditions include pain management, respiratory issues, mental health disorders, and various cancers.

The document also discusses terpene concentrations needed for pharmacological effects, noting that a threshold of 0.05% or higher is considered reasonable for clinical effects in humans. It clarifies terminology around terpenes, terpenoids, volatile oils, and essential oils, explaining their common properties and differences."
DEA-2024-0059-30625_attachment_9.jpg,Summary generation failed.
DEA-2024-0059-38581_attachment_1.jpg,"This appears to be a very brief fragment of text about historical cannabis use in medicine. The text states that from 1850 to 1936, cannabis was utilized as a primary medicine for treating over 100 different illnesses and diseases in the United States. The fragment ends abruptly with what seems to be a partial heading or label (""EXTRACT CANNABIS I""). Due to the limited and fragmentary nature of the text, I cannot provide a comprehensive summary of the full document's main points or regulatory implications."
DEA-2024-0059-36435_attachment_1.jpg,Summary generation failed.
DEA-2024-0059-34725_attachment_2.jpg,Summary generation failed.
DEA-2024-0059-0559_attachment_1.jpg,Summary generation failed.
DEA-2024-0059-36513_attachment_2.jpg,Summary generation failed.
DEA-2024-0059-30847_attachment_1.jpg,Summary generation failed.
DEA-2024-0059-21502_attachment_3.jpg,Summary generation failed.
DEA-2024-0059-17348_attachment_8.jpg,"# Summary: Cannabis for Brachial Plexus Avulsion Treatment

This document reviews evidence for using cannabis-based treatments for brachial plexus avulsion, a painful nerve injury connecting the spinal cord to the arm and shoulder. The main findings indicate that:

- One UK-based double-blind placebo-controlled trial with 48 patients showed that both THC-only and THC:CBD combination extracts moderately decreased pain and improved sleep
- This represents a potential new treatment approach for this condition, which is typically difficult to treat with conventional medications like opioids, anticonvulsants, and tricyclic antidepressants
- The evidence is rated with a CHI value of 5, indicating ""actual efficacy"" though based on limited research (only one study reviewed)

The document appears to be part of a larger evidence review of cannabis-based treatments for various medical conditions."
DEA-2024-0059-23018_attachment_5.jpg,Summary generation failed.
DEA-2024-0059-4964_attachment_2.jpg,"# Summary

The document reports that according to Massachusetts Cannabis Control Commission data, marijuana sales in the state have surpassed $7 billion since the launch of the adult-use market. At the same time, cannabis consumer prices have reached their lowest point ever."
DEA-2024-0059-7646_attachment_1.jpg,Summary generation failed.
DEA-2024-0059-4964_attachment_3.jpg,"This appears to be a quote attributed to Carl Sagan rather than a regulatory or policy document. The text presents an opinion opposing cannabis prohibition, suggesting that cannabis could provide beneficial effects such as ""serenity,"" ""insight,"" ""sensitivity,"" and ""fellowship"" that the speaker believes are needed in society. The quote argues that cannabis prohibition prevents the full utilization of these potential benefits. Note that this is an expression of a personal viewpoint rather than an official policy document."
DEA-2024-0059-26812_attachment_1.jpg,Summary generation failed.
DEA-2024-0059-23018_attachment_4.jpg,"This text appears to be a quote attributed to Carl Sagan expressing opposition to cannabis prohibition. The quote argues that cannabis illegality prevents society from benefiting from what the author describes as the drug's positive effects, including promoting serenity, insight, sensitivity, and fellowship - qualities the author suggests are needed in a challenging world. This is not a regulatory or policy document, but rather appears to be a personal opinion statement advocating for cannabis legalization."
DEA-2024-0059-28572_attachment_2.jpg,Summary generation failed.
DEA-2024-0059-35164_attachment_3.jpg,Summary generation failed.
DEA-2024-0059-36513_attachment_3.jpg,Summary generation failed.
DEA-2024-0059-32289_attachment_1.jpg,"# Summary of Regulatory Document

This document appears to be a laboratory test report or reference guide for urinary biomarkers. It includes reference ranges for several compounds including:

- 2-Hydroxyethyl Mercapturic Acid (HEMA)
- Perchlorate (PERC) with a value of 510.7 μg/g
- Urine Creatinine with a value of 273 and a reference range of 0.25-2.16 mg/mL

The document notes that urine creatinine measurements are important for interpreting other urinary analytes, particularly in patients with muscle wasting or sarcopenia. It cautions that low urine creatinine may cause falsely elevated results for other urinary analytes, and recommends clinical correlation with patient history and symptoms when making intervention decisions."
DEA-2024-0059-34725_attachment_3.jpg,Summary generation failed.
DEA-2024-0059-9259_attachment_8.jpg,Summary generation failed.
DEA-2024-0059-6523_attachment_1.jpg,Summary generation failed.
DEA-2024-0059-34725_attachment_7.jpg,Summary generation failed.
DEA-2024-0059-26528_attachment_1.jpg,Summary generation failed.
DEA-2024-0059-35164_attachment_7.jpg,"Based on the limited and noisy OCR text provided, this appears to be a title slide or cover page for a presentation about state-level healthcare reform that was presented to or prepared for a State-Level Reform Congress or Conference, possibly connected to the Department of Health and Human Services (HHS). However, the text is too fragmentary to determine the specific content or main points of the document with certainty."
DEA-2024-0059-6514_attachment_15.jpg,Summary generation failed.
DEA-2024-0059-22240_attachment_1.jpg,"# Summary

This document is a medical letter from Dr. Jason Tuckerman at the Louis Stokes Cleveland VA Medical Center dated May 9, 2018, confirming that patient Samuel Russo (with partial SSN and DOB information) should avoid foods containing pesticides, additives, dyes, and processed components due to a history of adverse reactions to these substances. The letter also notes the patient's history of multiple adverse drug reactions and recommends avoidance of these food components when possible."
DEA-2024-0059-21502_attachment_6.jpg,Summary generation failed.
DEA-2024-0059-17383_attachment_1.jpg,"# Summary of Parkinson's Disease and Cannabis Evidence

This document reviews the evidence for cannabis as a potential treatment for Parkinson's Disease (PD), a chronic degenerative disorder of the central nervous system affecting approximately 60,000 new patients annually in the US. The document presents:

1. Background on PD as a complex condition involving dopamine deficiency, oxidative stress, and neuroinflammation with symptoms including tremors, stiffness, and neuropsychiatric problems

2. Evidence from 5 clinical trials suggesting cannabinoids (particularly CBD but also THC) may help manage PD symptoms by:
   - Reducing levodopa-induced dyskinesia
   - Decreasing psychotic symptoms
   - Improving quality of life and well-being

3. Explanation that cannabinoids work through multiple receptor pathways (CB1, CB2, and others) to potentially address oxidative stress, pain, tremors, mood disorders, and insomnia

The document rates the evidence for cannabis in PD treatment as ""possible"" to ""probable"" based on the reviewed studies, though more comprehensive clinical trials are needed to establish definitive therapeutic effects."
DEA-2024-0059-16269_attachment_3.jpg,"The OCR text appears to be very brief and unclear, possibly containing a statement about someone becoming vegetarian after being elected. However, the text is too fragmented and noisy to reliably determine the main point of what seems to be a policy or regulatory document. Without more context or clearer text, I cannot provide an accurate summary of the document's content."
DEA-2024-0059-7646_attachment_5.jpg,Summary generation failed.
DEA-2024-0059-16269_attachment_2.jpg,"This appears to be a very brief and fragmented text about Dr. Raphael Mechoulam, noting that he was (or would become) a mentor to Tzachi Cohen, who founded ""Tikun Olam"" (a name that appears to be associated with medical cannabis). The text mentions that Dr. Mechoulam and his team discovered and isolated THC (tetrahydrocannabinol, the main psychoactive compound in cannabis). Due to the brevity and fragmented nature of the text, this appears to be a caption or note rather than a complete regulatory or policy document."
DEA-2024-0059-23018_attachment_1.jpg,Summary generation failed.
DEA-2024-0059-21502_attachment_7.jpg,"# Summary

The text quotes Senator Bill Hagerty (R-TN) expressing opposition to marijuana legalization. He characterizes marijuana as a ""gateway drug"" and claims that Democratic efforts to legalize it are ""pro-criminal, anti-American policies"" that would increase crime rates in the United States."
DEA-2024-0059-14664_attachment_2.jpg,Summary generation failed.
DEA-2024-0059-6514_attachment_14.jpg,Summary generation failed.
DEA-2024-0059-35356_attachment_1.jpg,Summary generation failed.
DEA-2024-0059-34725_attachment_6.jpg,"Based on the OCR text, this appears to be a categorization or listing of product types that may be subject to certain regulations or policies. The document seems to list various consumer and commercial product categories including:

- Paper products
- Moulded plastics
- Foods
- Medicines
- Essential oils
- Body care products
- Nutritional supplements
- Animal feed
- Animal bedding

The document likely relates to regulatory oversight, classification, or policy guidelines covering these diverse product categories. However, the OCR text is quite limited and fragmented, making it difficult to determine the specific regulatory context or purpose of this listing."
DEA-2024-0059-23298_attachment_1.jpg,Summary generation failed.
DEA-2024-0059-6523_attachment_2.jpg,"# Summary of Rental Assistance Denial Notice

This document is a denial notice from the Housing Authority of the County of San Diego dated March 12, 2024, informing an applicant that they have been denied participation in the Rental Assistance Program. The denial is based on the applicant's engagement in drug-related criminal activity, specifically the use of medical marijuana. The notice explains that despite state laws legalizing medical marijuana, federal regulations under the Quality Housing and Work Responsibility Act (QHWRA) prohibit admission to the Housing Choice Voucher Program for persons using controlled substances, including state-legalized marijuana. The document informs the applicant of their right to appeal this decision through an Informal Review process."
DEA-2024-0059-34725_attachment_4.jpg,Summary generation failed.
DEA-2024-0059-0239_attachment_9.jpg,"# Summary: Cannabis Strains Overview

This document provides an informational overview of the three main types of cannabis strains: Sativa, Indica, and Hybrid. It describes the physical characteristics of each plant type, their effects on users, and lists popular examples of each strain.

The document explains that Sativa strains grow tall (up to 20 feet), provide uplifting and cerebral effects, and include varieties like Amnesia Haze and Sour Diesel. Indica strains are described as shorter, bushier plants (3-6 feet) with relaxing, sedative effects, useful for stress and pain relief, with examples including Bubba Kush and Northern Lights. Hybrid strains combine characteristics of both types, offering balanced effects, with popular varieties like Blue Dream and Pineapple Express. The document notes that of approximately 779 cannabis strains, over half are hybrids."
DEA-2024-0059-36513_attachment_4.jpg,"# Summary of Document

This document appears to be informational material about microdosing, likely related to cannabis or other plant-based substances. It explains that microdosing (consuming low doses) is recommended for chronic conditions to avoid unwanted effects while still providing therapeutic benefits. The document also discusses terpenes, describing how they work with cannabinoids and listing their potential therapeutic properties including antioxidant, anticancer, antidepressant, antimicrobial, pain relief, and antiviral effects."
DEA-2024-0059-6313_attachment_1.jpg,Summary generation failed.
DEA-2024-0059-21502_attachment_5.jpg,"Based on the provided OCR text, I cannot determine the main point of the document. The text appears to be severely corrupted or contains random characters, numbers, and fragments that don't form coherent policy content. The text includes what might be display codes, pricing information ($), dates, and possibly location references (AMERICA), but there is no discernible policy information that can be meaningfully summarized."
DEA-2024-0059-23018_attachment_3.jpg,Summary generation failed.
DEA-2024-0059-17383_attachment_2.jpg,"# Summary

Based on the OCR text, as of March 17, 2023, the Commonwealth Court of Pennsylvania has ruled that medical marijuana is now considered covered medical treatment under the Pennsylvania Workers' Compensation Act. Employers/insurers who fail to pay for this treatment may be subject to violations of the Act, with penalties of up to 50%. This represents a significant policy change regarding medical marijuana coverage in Pennsylvania's workers' compensation system."
DEA-2024-0059-41375_attachment_1.jpg,Summary generation failed.
DEA-2024-0059-28572_attachment_5.jpg,Summary generation failed.
DEA-2024-0059-27581_attachment_1.jpg,Summary generation failed.
DEA-2024-0059-23018_attachment_2.jpg,"# Summary: Historical Recognition of Cannabis in U.S. Pharmacopoeia

This document describes the historical inclusion of cannabis in the United States Pharmacopoeia in 1850-1851. It notes that cannabis was officially recognized as a medicine and listed as a treatment for numerous conditions including neuralgia, tetanus, typhus, cholera, rabies, dysentery, alcoholism, opiate addiction, and various other ailments. The text indicates that cannabis-based tinctures were sold commercially, and that the adoption of cannabis into official medical standards occurred rapidly following the publication of research by O'Shaughnessy."
DEA-2024-0059-21502_attachment_4.jpg,Summary generation failed.
DEA-2024-0059-14664_attachment_1.jpg,"# Summary of Brachial Plexus Avulsion Treatment Document

This document discusses cannabis-based treatments for brachial plexus avulsion, a painful nerve injury where nerves connecting the spinal cord to the arm are torn. The document highlights:

- Brachial plexus avulsion causes severe pain that responds poorly to conventional treatments like opioids and anticonvulsants
- A UK double-blind placebo-controlled trial with 48 patients tested cannabis extracts for this condition
- Both THC-only and THC:CBD combination extracts showed moderate effectiveness in decreasing pain and improving sleep
- These cannabis-based treatments represent a potential alternative for patients with this difficult-to-treat condition

The document appears to be part of a larger evidence review of cannabis-based treatments for various medical conditions."
DEA-2024-0059-6514_attachment_17.jpg,Summary generation failed.
DEA-2024-0059-36513_attachment_5.jpg,"# Summary of Document

This appears to be a label or advertisement for ""Dr. Macalister's Cough Mixture,"" a medicinal product from the past. The document describes a cough medicine containing cannabis indica extract, chloroform, and alcohol (10%). It provides dosage instructions for adults and children, claiming effectiveness for coughs, colds, croup, and whooping cough. The product is listed as being manufactured or distributed by John P. Lee, located at 3860 W. Harrison Street in Chicago.

Note: This appears to be a historical pharmaceutical product that contains ingredients (cannabis and chloroform) that would not be permitted in over-the-counter medications today due to safety regulations."
DEA-2024-0059-0239_attachment_8.jpg,Summary generation failed.
DEA-2024-0059-34725_attachment_5.jpg,Summary generation failed.
DEA-2024-0059-17911_attachment_2.jpg,Summary generation failed.
DEA-2024-0059-21266_attachment_3.jpg,"I apologize, but the text you've provided appears to be extremely garbled OCR output that doesn't contain meaningful policy content. The text consists of random characters, partial words, and symbols that don't form coherent sentences or convey any clear regulatory or policy information. Without legible content, I'm unable to provide a summary of the document's main points."
DEA-2024-0059-23795_attachment_2.jpg,Summary generation failed.
DEA-2024-0059-0239_attachment_5.jpg,Summary generation failed.
DEA-2024-0059-18309_attachment_1.jpg,Summary generation failed.
DEA-2024-0059-35164_attachment_8.jpg,"# Summary of Cannabis Reclassification Policy Document

This document advocates for the reclassification of cannabis to Schedule 3 and its removal from the Controlled Substances Act (CSA), citing statistical evidence of multiple benefits. Key points include:

- Medical research shows states with legalized medical cannabis have experienced a 25% reduction in opioid overdose deaths
- Cannabis legalization correlates with decreased opioid prescribing rates
- Rescheduling would benefit small businesses in the cannabis industry by addressing banking access limitations and interstate commerce barriers
- Policy change would create jobs, stimulate economic growth, and expand research opportunities for medical treatments
- The document presents the reclassification as beneficial for public health, economic development, and cannabis industry workers"
DEA-2024-0059-0239_attachment_10.jpg,Summary generation failed.
DEA-2024-0059-21502_attachment_9.jpg,Summary generation failed.
DEA-2024-0059-6402_attachment_1.jpg,Summary generation failed.
DEA-2024-0059-22692_attachment_3.jpg,Summary generation failed.
DEA-2024-0059-32228_attachment_1.jpg,Summary generation failed.
DEA-2024-0059-10317_attachment_3.jpg,Summary generation failed.
DEA-2024-0059-10317_attachment_2.jpg,Summary generation failed.
DEA-2024-0059-22692_attachment_2.jpg,"# Summary of Policy Document

The document advocates for expanding presidential pardons and commutations beyond just simple marijuana possession cases to include both civilian and military offenses. It also calls for addressing collateral consequences of convictions by restoring benefits to those previously convicted. Additionally, it urges states to implement similar policies. The document appears to be associated with a marijuana decriminalization campaign, as indicated by the website reference."
DEA-2024-0059-28426_attachment_1.jpg,Summary generation failed.
DEA-2024-0059-21502_attachment_8.jpg,"# Summary of Document

The document appears to be a blog post or article titled ""Why Psychedelics Should Be Legalized"" dated March 12, 2022. It seems to be part of an uncategorized section of a website, likely discussing arguments in favor of psychedelic drug legalization. However, the OCR text is incomplete and only captures the title and navigation elements rather than the actual content of the article."
DEA-2024-0059-0239_attachment_11.jpg,Summary generation failed.
DEA-2024-0059-31228_attachment_2.jpg,"# Summary of Document

This document discusses the concept of the ""entourage effect"" in cannabis, which refers to the synergistic relationship between cannabinoids and terpenes. The main point is that these compounds work together to modulate the psychotropic effects of THC. The document explains that while some cannabinoids can reduce THC's effects, others can intensify them. It specifically mentions myrcene as a sedative terpene that may enhance the effects of THC, and notes that limonene may boost CBD activity according to some scientists."
DEA-2024-0059-17348_attachment_3.jpg,Summary generation failed.
DEA-2024-0059-17859_attachment_1.jpg,Summary generation failed.
DEA-2024-0059-35164_attachment_9.jpg,Summary generation failed.
DEA-2024-0059-0239_attachment_4.jpg,Summary generation failed.
DEA-2024-0059-23795_attachment_3.jpg,Summary generation failed.
DEA-2024-0059-9259_attachment_2.jpg,"This appears to be a very brief statement suggesting that someone named Andy, who was a veteran or service member, faced legal consequences due to marijuana. The statement contrasts Andy's service to the country with the loss of his freedom due to marijuana-related issues, possibly highlighting perceived injustice in drug policy or enforcement. Without more context, this seems to be making a point about the impact of marijuana laws on veterans or military personnel."
DEA-2024-0059-21266_attachment_2.jpg,"# Summary of Document

The document presents statistics about legal marijuana in the United States, highlighting the economic impact of marijuana legalization. It states that Colorado collects $98 million in annual taxes from legal marijuana sales, and that the legal marijuana industry is valued at $1.53 billion. The document suggests that the significant economic value of the industry is a key reason why many individuals and businesses support maintaining its legal status."
DEA-2024-0059-0044_attachment_1.jpg,Summary generation failed.
DEA-2024-0059-12609_attachment_2.jpg,"# Summary of DEA and FDA Engagement Document

This document discusses the regulatory implications of Schedule III drug classification, highlighting that:

- Schedule III drugs fall under FDA regulation with stricter standards
- Companies will need to invest in enhanced testing, quality control, and compliance measures
- Schedule III drugs require prescriptions
- There is a significant disconnect between state-run programs and federal oversight (DEA/FDA)
- This regulatory disparity will need to be addressed
- Transportation, distribution, and sales operations will likely need to evolve to meet federal requirements

The main point is that reclassification to Schedule III would create a complex regulatory environment requiring operational changes to reconcile state and federal oversight systems."
DEA-2024-0059-17911_attachment_1.jpg,Summary generation failed.
DEA-2024-0059-23795_attachment_1.jpg,Summary generation failed.
DEA-2024-0059-0239_attachment_6.jpg,Summary generation failed.
DEA-2024-0059-17348_attachment_1.jpg,Summary generation failed.
DEA-2024-0059-36195_attachment_1.jpg,"# Summary

The OCR text appears to be a heading or title from a webpage about self-care. The document seems to be titled ""SEL. CARE How Do You Take Care of You?"" from the website www.weresurviving.com. The content likely focuses on self-care practices or strategies, but the provided OCR text is too limited to determine the specific guidance or recommendations contained in the full document."
DEA-2024-0059-7646_attachment_8.jpg,Summary generation failed.
DEA-2024-0059-29311_attachment_1.jpg,"# Summary of Document

The document announces a presentation by Dr. Kyron Tamar, a Board Certified General Surgeon from Franklin Medical Center, at Louisburg College on March 4 from 6:30-7:30 p.m. The presentation, titled ""Do You Have What It Takes To Work In The Healthcare Industry?"", is aimed at high school and college students interested in healthcare careers. The document highlights the growing demand for healthcare professionals due to the aging baby boomer population (75 million people, with 80,000 turning 65 each week for the next 14 years), projecting 5.6 million new healthcare jobs by 2020 (27% of all U.S. jobs). The presentation aims to guide young people toward healthcare opportunities and inform them about the requirements for these careers, which include proficiency in science and math, people skills, and ongoing professional development."
DEA-2024-0059-32228_attachment_3.jpg,Summary generation failed.
DEA-2024-0059-22449_attachment_1.jpg,Summary generation failed.
DEA-2024-0059-10317_attachment_1.jpg,Summary generation failed.
DEA-2024-0059-7646_attachment_9.jpg,"# Summary of Document

The document appears to be titled ""Incremental Steps That President Biden Can Take to Bring Marijuana Policy Into the 21st Century,"" likely discussing potential executive actions related to marijuana policy reform at the federal level. The text suggests it may be advocating for decriminalization of marijuana and proposing a series of gradual policy changes that could be implemented by the Biden administration without requiring congressional action."
DEA-2024-0059-22692_attachment_1.jpg,Summary generation failed.
DEA-2024-0059-31228_attachment_1.jpg,"# Summary

The document is announcing that the US Drug Enforcement Administration (DEA) is accepting public comments until July 22, 2024, regarding the potential reclassification of cannabis. NORML (National Organization for the Reform of Marijuana Laws) is providing a step-by-step submission guide and talking points to help people participate in this public comment period, which is described as a ""once in a lifetime opportunity"" to influence federal cannabis policy."
DEA-2024-0059-30625_attachment_15.jpg,Summary generation failed.
DEA-2024-0059-6514_attachment_18.jpg,Summary generation failed.
DEA-2024-0059-21266_attachment_1.jpg,Summary generation failed.
DEA-2024-0059-38860_attachment_5.jpg,Summary generation failed.
DEA-2024-0059-12609_attachment_3.jpg,Summary generation failed.
DEA-2024-0059-21266_attachment_5.jpg,Summary generation failed.
DEA-2024-0059-23830_attachment_1.jpg,Summary generation failed.
DEA-2024-0059-24190_attachment_1.jpg,Summary generation failed.
DEA-2024-0059-0239_attachment_3.jpg,"This appears to be a fragment of OCR text that contains a date reference (July 14, 2023) and possibly mentions MLBiDaily, which seems to be a division of Emerald X. The text is highly fragmented and incomplete, making it difficult to determine the main point of any policy or regulatory document. The text appears to be metadata or footer information rather than substantive policy content."
DEA-2024-0059-6514_attachment_20.jpg,Summary generation failed.
DEA-2024-0059-30625_attachment_7.jpg,"# Summary of Document

This document appears to be a medical visit note for John Prinz, a 49-year-old male patient with a workers' compensation case dating back to 1992. The main points are:

1. The patient uses medical marijuana for back and leg pain management, which has allowed him to stop using oxycodone and over-the-counter NSAIDs.

2. The patient is concerned about marijuana's Schedule I classification despite its medicinal benefits in his case.

3. There are administrative issues with his workers' compensation case, including attempts by a claims examiner to transfer his care away from his current physician and difficulties seeing his surgeon.

4. The physician advocates for the patient to continue seeing his original surgeon who performed his back surgery and understands his condition best.

5. The patient experiences numbness and tingling in his legs related to his spinal injury, with pain that typically rates as 2/10 but can reach 7/10 at worst."
DEA-2024-0059-0239_attachment_16.jpg,Summary generation failed.
DEA-2024-0059-17348_attachment_4.jpg,Summary generation failed.
DEA-2024-0059-23756_attachment_1.jpg,Summary generation failed.
DEA-2024-0059-31575_attachment_1.jpg,"# Summary

The document appears to be a news headline or article title reporting that a group of state attorneys general and former Drug Enforcement Administration (DEA) officials are urging the DEA to conduct a public hearing regarding a proposal to reschedule marijuana under federal drug laws. This suggests an ongoing policy debate about potentially changing marijuana's classification in the federal controlled substances framework."
DEA-2024-0059-22692_attachment_4.jpg,Summary generation failed.
DEA-2024-0059-10317_attachment_4.jpg,Summary generation failed.
DEA-2024-0059-31554_attachment_1.jpg,Summary generation failed.
DEA-2024-0059-30625_attachment_6.jpg,Summary generation failed.
DEA-2024-0059-0239_attachment_17.jpg,Summary generation failed.
DEA-2024-0059-36191_attachment_1.jpg,"# Summary of Medical Document

This document is a medical treatment plan and follow-up note for patient John Prinz, a 53-year-old male with chronic back pain stemming from a 1992 injury. The physician documents that medical cannabis has been highly effective for the patient's pain management, allowing him to discontinue 770mg of daily oxycodone. The main point of the document is the physician's formal request to Liberty Mutual (insurance carrier) to cover the patient's medical cannabis treatment, arguing that despite its legality in the state and proven efficacy for this specific patient, the insurer refuses coverage while benefiting from cost savings due to discontinued opioid medication. The physician plans to prescribe Marinol as an interim solution but notes it is inferior to whole-plant cannabis treatment."
DEA-2024-0059-0239_attachment_2.jpg,"I apologize, but the provided OCR text appears to be severely garbled and does not contain coherent policy or regulatory content that I can meaningfully summarize. The text contains fragmented phrases and words that don't form a logical policy document. Without clearer or more complete text, I cannot provide an accurate summary of any policy points."
DEA-2024-0059-34544_attachment_1.jpg,Summary generation failed.
DEA-2024-0059-9259_attachment_6.jpg,Summary generation failed.
DEA-2024-0059-38860_attachment_2.jpg,Summary generation failed.
DEA-2024-0059-24190_attachment_2.jpg,"I apologize, but I cannot provide a meaningful summary of this text. The content appears to be severely corrupted OCR text that doesn't contain recognizable policy language or coherent information. The string ""Ae S| re 2956) --6& --SE os s i 4 ye ot"" consists of random characters, symbols, and fragments that don't form intelligible policy content. Without clearer text, I cannot determine the main point of any potential regulatory or policy document."
DEA-2024-0059-23830_attachment_2.jpg,Summary generation failed.
DEA-2024-0059-12573_attachment_1.jpg,Summary generation failed.
DEA-2024-0059-40486_attachment_1.jpg,Summary generation failed.
DEA-2024-0059-30625_attachment_12.jpg,"# Summary of Substance Classification Policy Document

This document outlines a classification system for substances based on their level of processing and regulation requirements:

1. **Raw Form Substances**: Natural plants and air components that can be grown without licenses and traded freely (e.g., sugar cane, hemp, mushrooms, tobacco, grains, and natural air components like oxygen).

2. **Refined/Processed Forms**: Substances that have undergone modification through cutting, crushing, extraction, etc. (e.g., granulated sugar, extracted THC, refined air). These require regulated marketplaces to ensure purity and define proper use, with distributors held accountable.

3. **Hybrids**: Combinations of natural and synthetic processes (e.g., carbonated drinks, alcohol, vape products, morphine).

4. **Fully Synthetic Substances**: Lab-created compounds (e.g., synthetic THC, opioids like fentanyl, pharmaceuticals, LSD) that require strong oversight and testing for consumption.

The document advocates for better drug education and suggests that legal markets provide necessary purity standards and oversight for substance use."
DEA-2024-0059-0239_attachment_15.jpg,Summary generation failed.
DEA-2024-0059-17348_attachment_7.jpg,"Based on the limited OCR text provided, this appears to be a heading or title from a document related to self-care, with the name ""SSELECARE"" (possibly ""SELFCARE"" with OCR errors) and a tagline ""How Do You Take Care of You?"" The document includes a website reference to ""www.weresurviving.com"". Without additional content, I cannot determine the specific regulatory or policy details, but it seems to be related to personal wellness or self-care resources."
DEA-2024-0059-22692_attachment_7.jpg,Summary generation failed.
DEA-2024-0059-17348_attachment_6.jpg,"# Summary

This appears to be a campaign slogan or political statement from Libertarian Presidential Candidate Rickey D. Morris Jr. The text emphasizes core libertarian principles including:

- Personal responsibility for privacy
- Opposition to government overreach
- Support for nonviolent approaches to justice

The document appears to be campaign material promoting libertarian values of limited government and individual liberty, with Rickey D. Morris Jr. identified as a Libertarian presidential candidate for 2024."
DEA-2024-0059-0180_attachment_1.jpg,Summary generation failed.
DEA-2024-0059-12509_attachment_1.jpg,"# Summary: A 6,000-Year History of Cannabis as Medicine

This document presents a historical timeline of cannabis use throughout human civilization, emphasizing its long-standing role in medicine across different cultures. The infographic traces cannabis from its earliest documented uses around 4000 BCE through modern times, highlighting key milestones including:

- Early medicinal applications in ancient China, Egypt, India, and the Middle East
- Cannabis's integration into various medical traditions and pharmacopoeias
- The introduction of cannabis to Western medicine in the 19th century
- The regulatory restrictions beginning in the early 20th century with the Harrison Act (1914) and Marihuana Tax Act (1937)
- Scientific discoveries including THC (1964) and cannabinoid receptors (1988)
- Recent trends toward legalization for medical purposes (2000-2018)

The document emphasizes that despite today's polarized views on cannabis, the plant has a 6,000-year documented history of therapeutic applications recognized across diverse cultures and medical systems."
DEA-2024-0059-30625_attachment_13.jpg,Summary generation failed.
DEA-2024-0059-33953_attachment_1.jpg,"# Summary

This document presents a comparison of mortality statistics for various substances in 2010. According to the data from the CDC, tobacco was responsible for 480,000 deaths, alcohol for 25,692 deaths, prescription painkillers for 16,651 overdoses, and non-prescription drugs for 16,195 overdoses. The document indicates that marijuana had zero attributable deaths, suggesting it is less lethal than the other substances mentioned. The apparent purpose of this information is to highlight the relative safety of marijuana compared to legal and commonly used substances."
DEA-2024-0059-24190_attachment_3.jpg,Summary generation failed.
DEA-2024-0059-0239_attachment_1.jpg,"I apologize, but the provided OCR text is extremely garbled and difficult to interpret coherently. From the few readable fragments, it appears to be related to cannabis legalization, possibly discussing:

- Something about medical marijuana use
- References to a Health and Human Services Board
- What might be a referendum in 2020
- Discussion of medical conditions and cannabis treatment

However, due to the severely corrupted nature of the OCR text, I cannot provide a reliable summary of the document's main points. A better quality scan or transcription would be needed to accurately summarize this policy document."
DEA-2024-0059-38860_attachment_3.jpg,Summary generation failed.
DEA-2024-0059-37984_attachment_1.jpg,Summary generation failed.
DEA-2024-0059-21266_attachment_7.jpg,Summary generation failed.
DEA-2024-0059-38850_attachment_1.jpg,"I apologize, but the provided OCR text appears to be severely corrupted or incomplete. It contains fragmented phrases, hashtags, and random characters that don't form a coherent regulatory or policy document. There isn't enough meaningful content for me to extract and summarize the main point of what appears to be intended as information about controlled substance distribution. I cannot provide a reliable summary from this text."
DEA-2024-0059-9258_attachment_2.jpg,Summary generation failed.
DEA-2024-0059-35873_attachment_14.jpg,Summary generation failed.
DEA-2024-0059-28942_attachment_1.jpg,Summary generation failed.
DEA-2024-0059-23631_attachment_2.jpg,"# Summary of Medical Imaging Report

This document is a radiological report of a lumbar spine examination, likely an MRI or CT scan. The report details degenerative changes in the lumbar spine, noting mild spinal canal stenosis at L2-L3, right subarticular recess narrowing at L3-L4, and mild neural foraminal stenoses at multiple levels. The impression concludes that there are multilevel lumbar degenerative changes without significant spinal canal stenosis, with the finding that right L4 radiculopathy would correspond with the subarticular recess narrowing observed at L3-4."
DEA-2024-0059-3654_attachment_1.jpg,Summary generation failed.
DEA-2024-0059-0202_attachment_1.jpg,Summary generation failed.
DEA-2024-0059-41731_attachment_2.jpg,Summary generation failed.
DEA-2024-0059-23698_attachment_1.jpg,"# Summary

This document announces an upcoming event featuring Tahir Johnson, Owner and CEO, who will share his journey from the ""Legacy Market"" to owning his own cannabis dispensary. The event is scheduled for Saturday, May 20, 2023, at 10:00am and is part of the M4MM Project Clean Slate Program. The announcement includes contact information for Lakisha Camese, the Project Clean Slate Director, for those seeking additional information or assistance."
DEA-2024-0059-23631_attachment_3.jpg,Summary generation failed.
DEA-2024-0059-26739_attachment_2.jpg,Summary generation failed.
DEA-2024-0059-35873_attachment_15.jpg,Summary generation failed.
DEA-2024-0059-0631_attachment_2.jpg,"# Case Summary: Turner v. Condric Family et al

This document is a civil docket sheet for a federal civil rights case filed in the U.S. District Court for the District of Oregon (Portland). The case was filed on May 14, 2024, by plaintiff Terrance Turner against defendants identified as ""Condric Family"" and ""DiPietro Family."" The plaintiff is seeking $1 million in damages under 28 U.S.C. § 1983 (Civil Rights statute). The case has been assigned to Magistrate Judge Jeff Armistead, and the plaintiff has filed an application to proceed in forma pauperis (IFP), suggesting they are requesting a waiver of court fees due to financial hardship. No jury trial has been requested."
DEA-2024-0059-0758_attachment_3.jpg,Summary generation failed.
DEA-2024-0059-38850_attachment_2.jpg,Summary generation failed.
DEA-2024-0059-9258_attachment_1.jpg,Summary generation failed.
DEA-2024-0059-9266_attachment_1.jpg,"Based on the very limited OCR text provided (""Promoti JOBHIGHER""), I cannot provide a meaningful summary of a regulatory or policy document. The text appears to be a fragment, possibly related to job promotion or career advancement, but there is insufficient content to determine the document's purpose, scope, or main points. A proper summary would require more complete text from the document."
DEA-2024-0059-12608_attachment_3.jpg,Summary generation failed.
DEA-2024-0059-23631_attachment_1.jpg,"# Lumbar Spine MRI Report Summary

This document is a radiological report of a lumbar spine MRI examination. The main findings include:

- Moderate multilevel degenerative changes in the lumbar spine
- Minimal degenerative retrolisthesis (backward slippage) at L2-L3
- Mild spinal canal stenosis at L2-L3
- Right subarticular recess narrowing at L3-L4
- Mild neural foraminal stenoses at L3-L4 (bilateral) and L4-L5 (right side)
- Degenerative disc changes including dessication and height loss

The report documents various degenerative changes in the lower spine but does not indicate any severe stenosis or acute abnormalities."
DEA-2024-0059-24403_attachment_10.jpg,Summary generation failed.
DEA-2024-0059-7646_attachment_19.jpg,"# Summary

This appears to be a document containing a quote attributed to George Washington about hemp cultivation (""Make the most of the hemp seed and sow it everywhere""), followed by biographical information identifying Washington as the commander of the continental army during the American Revolutionary War and the first U.S. President. The document claims Washington both smoked and cultivated hemp. The text appears to be from an informal or promotional document rather than an actual regulatory or policy document."
DEA-2024-0059-33139_attachment_1.jpg,Summary generation failed.
DEA-2024-0059-3654_attachment_3.jpg,Summary generation failed.
DEA-2024-0059-26625_attachment_4.jpg,Summary generation failed.
DEA-2024-0059-1514_attachment_1.jpg,Summary generation failed.
DEA-2024-0059-41731_attachment_1.jpg,"Based on the limited and unclear OCR text provided, this appears to be a brief personal statement or testimonial about kratom use. The text suggests that someone may be claiming that kratom helped them overcome active addiction during the period from 2008-2019, with continued use afterward. However, the text is extremely brief and fragmented, making it difficult to determine the full context or purpose of the document. This does not appear to be a formal regulatory or policy document, but rather a personal statement about kratom use for addiction management."
DEA-2024-0059-42346_attachment_1.jpg,Summary generation failed.
DEA-2024-0059-24403_attachment_11.jpg,Summary generation failed.
DEA-2024-0059-41771_attachment_4.jpg,Summary generation failed.
DEA-2024-0059-26739_attachment_1.jpg,"# Summary of Medical Document

This document is a radiologist's report of an MRI examination of the lumbar spine performed on April 17, 2023. The MRI was ordered for a patient experiencing bilateral low back pain with sciatica that has persisted for 6+ weeks. The findings indicate:

- Moderate arthritis at multiple levels of the spine
- Most significant narrowing at the L3-L4 level, which likely accounts for the patient's right-sided symptoms
- Minimal degenerative retrolisthesis (backward slippage of a vertebra) at L2-L3
- Moderate multilevel degenerative changes with disc desiccation (drying) and height loss
- Mild type I endplate changes at L2-L3
- Fatty marrow replacement in the sacrum and iliac bones

The document represents a diagnostic medical report rather than a regulatory or policy document."
DEA-2024-0059-35873_attachment_16.jpg,"# Summary of Medical Document

This document is a radiological report of an MRI examination of the lumbar spine performed on April 17, 2023. The main findings indicate:

- The patient has mild to moderate arthritis at multiple levels of the spine
- The most significant narrowing is at the L3-L4 level, which is likely causing the patient's right-sided symptoms
- The MRI was ordered due to low back pain persisting for 6+ weeks
- The diagnosis includes bilateral low back pain with sciatica
- The examination revealed moderate multilevel degenerative changes, disc desiccation, height loss, and minimal degenerative retrolisthesis at L2-L3

This is a clinical diagnostic document rather than a regulatory or policy document."
DEA-2024-0059-12608_attachment_2.jpg,Summary generation failed.
DEA-2024-0059-41569_attachment_1.jpg,"# Summary of Document on Medicinal Plants

This document appears to be arguing against the demonization and prohibition of certain medicinal plants that have been used traditionally across various cultures. The text, though poorly formatted due to OCR issues, discusses several plants including:

1. Cannabis - Described as a medicinal and religious plant with cannabinoids that may help with cancer cells, tumors, and various disabilities
2. Khat - A medicinal leaf used worldwide for digestive health and skin benefits
3. Peyote - A medicinal cactus used by Mexican Native Americans from Canada to Mexico that helps with psoriasis and brain health
4. Psilocybin - A medicinal mushroom used throughout many cultures worldwide

The document argues that these plants have been unfairly demonized through colonization despite their medicinal properties and cultural significance. It contends that prohibiting these traditional medicines is unconstitutional and that these plants also help maintain Earth's ecological balance.

The main point appears to be advocating for the recognition of these plants' medicinal value and opposing their prohibition based on cultural bias rather than scientific evidence."
DEA-2024-0059-14205_attachment_1.jpg,Summary generation failed.
DEA-2024-0059-22769_attachment_1.jpg,"# Summary of Document

The document presents polling data from a Pew Research Center survey conducted in October 2022 regarding public opinion on marijuana legalization in the United States. According to the survey, 88% of U.S. adults believe marijuana should be legal in some form, while only 10% believe it should not be legal at all, with 1% of respondents refusing to answer. This indicates overwhelming public support for some form of marijuana legalization among American adults."
DEA-2024-0059-25341_attachment_2.jpg,Summary generation failed.
DEA-2024-0059-24403_attachment_6.jpg,"I don't have enough information to provide a meaningful summary of a regulatory or policy document. The provided text ""Db"" is too brief and lacks context. It could be an abbreviation, a file name, or simply incomplete OCR text. To provide a proper summary, I would need more substantial content from the document."
DEA-2024-0059-7646_attachment_20.jpg,Summary generation failed.
DEA-2024-0059-31388_attachment_1.jpg,"I don't have enough information to provide a meaningful summary of a regulatory or policy document. The OCR text appears to be a fragment of what might be a title or heading about the history of medical cannabis in ancient China, attributed to someone named Or Rozenberg. However, there's no actual policy content, regulatory framework, or substantive information to summarize. The text is too limited and appears to be just a title rather than a complete document."
DEA-2024-0059-26625_attachment_1.jpg,Summary generation failed.
DEA-2024-0059-41731_attachment_4.jpg,"# Summary: Medical Effects of Cannabis

This document appears to be a list of various medical effects and therapeutic applications of cannabis or cannabinoids. It outlines multiple physiological impacts including pain relief, anti-inflammatory properties, appetite effects (both suppression and stimulation), anti-nausea properties, and effects on the nervous system. The document also notes potential applications for anxiety, seizures, sleep disorders, immune system modulation, and various other medical conditions including bacterial and fungal infections, cancer, and bone growth. This appears to be a reference document summarizing the range of potential medical uses for cannabis-based treatments."
DEA-2024-0059-24403_attachment_14.jpg,Summary generation failed.
DEA-2024-0059-1281_attachment_6.jpg,"I don't have enough information to provide a meaningful summary of a regulatory or policy document. The provided text only contains ""un"", which could be an abbreviation, a partial word, or potentially a reference to the United Nations, but there's insufficient context to determine the document's content or purpose. To provide an accurate summary, I would need more substantial text from the document."
DEA-2024-0059-41771_attachment_1.jpg,Summary generation failed.
DEA-2024-0059-24403_attachment_7.jpg,"# Summary

This appears to be a label or reference for a standardized pharmaceutical preparation of Cannabis Indica tincture. The text indicates it is a standardized tincture made from Cannabis sativa variety Indica, and includes what seems to be a reference to the United States Pharmacopoeia (U.S.P.) standards. This would likely be a historical pharmaceutical preparation from when cannabis was an officially recognized medicine in the United States before prohibition."
DEA-2024-0059-23422_attachment_3.jpg,Summary generation failed.
DEA-2024-0059-30756_attachment_1.jpg,"I apologize, but the provided OCR text ""fe a oY >"" appears to be extremely limited and garbled. There is not enough meaningful content to identify or summarize any regulatory or policy information. The text seems to consist of only a few random characters that don't form coherent words or convey any discernible policy content. Without more substantial and legible text, I cannot provide a summary of any regulatory or policy document."
DEA-2024-0059-35873_attachment_13.jpg,Summary generation failed.
DEA-2024-0059-28942_attachment_6.jpg,"# Summary of Turner v. Guardian Real Estate Services Case Filing

This document shows the initial filing details for a civil rights case (Case #3:24-cv-00589-JR) in the U.S. District Court for the District of Oregon. Terrance Turner filed a complaint against Guardian Real Estate Services and WestTown on 8th on April 9, 2024. The case involves civil rights claims (Nature of Suit: 440 Civil Rights: Other) with diversity jurisdiction. Turner applied to proceed in forma pauperis (IFP), and the case has been assigned to Magistrate Judge Jolie A. Russo. The document tracks the initial court filings and administrative actions related to the case."
DEA-2024-0059-15359_attachment_1.jpg,Summary generation failed.
DEA-2024-0059-38181_attachment_1.jpg,"# Summary of Minnesota Department of Health Response to Petition

This document is a response from the Minnesota Department of Health (MDH) dated April 1, 2022, rejecting a petition from John T. Birrenbach. The petitioner requested MDH adopt a rule requiring the commissioner to seek an exception from the federal Controlled Substances Act for Minnesota's medical cannabis program through the DEA.

MDH declined the petition for several reasons:
1. The Minnesota legislature has neither directed nor expressly authorized MDH to adopt such a rule
2. The proposed rule is not necessary to achieve the petitioner's goal
3. The likelihood of obtaining a DEA exception is low compared to the burden of the rulemaking process

The department noted that it plans to revise medical cannabis rules in the near future through the standard Administrative Procedure Act process, which will include opportunities for public comment, and invited the petitioner to participate in that process instead."
DEA-2024-0059-9004_attachment_1.jpg,Summary generation failed.
DEA-2024-0059-9259_attachment_20.jpg,Summary generation failed.
DEA-2024-0059-38850_attachment_6.jpg,Summary generation failed.
DEA-2024-0059-38850_attachment_4.jpg,Summary generation failed.
DEA-2024-0059-14205_attachment_2.jpg,Summary generation failed.
DEA-2024-0059-33952_attachment_1.jpg,"The OCR text appears to be highly corrupted and does not contain coherent policy information. The text consists primarily of jumbled characters, numbers, and what might be product codes or transaction information. Without readable policy content, I cannot provide a meaningful summary of any regulatory or policy document. The text may be from a receipt, display label, or transaction record rather than a policy document."
DEA-2024-0059-28942_attachment_4.jpg,Summary generation failed.
DEA-2024-0059-24403_attachment_5.jpg,"This appears to be a medical radiology report of a cervical spine MRI, not a regulatory or policy document. The text contains findings from a cervical spine examination showing degenerative changes with mild spinal canal stenosis at multiple levels (C3-4, C4-5, and C6-7) and ventral cord abutment without cord signal abnormality. This is clinical medical documentation rather than policy content."
DEA-2024-0059-1281_attachment_4.jpg,Summary generation failed.
DEA-2024-0059-24403_attachment_16.jpg,Summary generation failed.
DEA-2024-0059-3654_attachment_4.jpg,Summary generation failed.
DEA-2024-0059-3654_attachment_5.jpg,"Based on the provided text, this appears to be a personal statement rather than a regulatory or policy document. The text describes an individual's experience that chemotherapy causes nausea affecting their ability to eat, and that cannabis use helps improve their appetite. This is likely a patient testimonial about using marijuana for medicinal purposes to manage chemotherapy side effects, rather than an actual policy document."
DEA-2024-0059-2697_attachment_1.jpg,Summary generation failed.
DEA-2024-0059-15569_attachment_1.jpg,"# Summary

This appears to be a brief statement contrasting two different perspectives on pharmaceutical products. The text suggests that while some people view medications primarily as ""drugs"" (possibly with negative connotations), others view the same substances as ""medicine"" (with therapeutic connotations). The phrase ""WE ARE NOT THE SAME"" emphasizes this fundamental difference in perspective. This is likely a commentary on differing attitudes toward pharmaceutical products rather than an actual regulatory or policy document."
DEA-2024-0059-26625_attachment_2.jpg,Summary generation failed.
DEA-2024-0059-21502_attachment_11.jpg,Summary generation failed.
DEA-2024-0059-1281_attachment_5.jpg,Summary generation failed.
DEA-2024-0059-41771_attachment_2.jpg,"The provided OCR text is extremely limited, containing only the phrase ""hotic Liver."" This appears to be a fragment, possibly referring to a medical or scientific document about liver conditions. Without additional context, I cannot provide a meaningful summary of any regulatory or policy document. The text is too incomplete to determine its main point or purpose."
DEA-2024-0059-24403_attachment_4.jpg,Summary generation failed.
DEA-2024-0059-15359_attachment_2.jpg,Summary generation failed.
